{
    "target_1": {
        "r2": 0.9981500946087942,
        "mse": 0.026921301699144338,
        "mae": 0.1294935164846237
    },
    "target_2": {
        "r2": 0.9957691498792943,
        "mse": 0.061815032112004266,
        "mae": 0.20017888695595298
    },
    "target_3": {
        "r2": 0.991354006513506,
        "mse": 0.126825233684485,
        "mae": 0.28941498979525815
    }
}